run_id,run_index,experiment,algo,seed,evaluation,timestamp,t_env_ms,wall_time_s,p1_final_drive_ratio,p2_roll_radius,p3_gear3_diff,p4_gear4_diff,p5_gear5,consumption,ela3,ela4,ela5,reward,rank,cd_raw,cd_tilde,phase,worker_id,rollout_id,loss_actor,loss_critic,entropy_mean,total_loss,update_time_ms,budget,executable_name,start_ts,end_ts
fb3b4bc8-f515-411b-b6c0-9dc558d1afb7,2,default_experiment,A3C,97,2.0,1757954290.738271,2565.451457980089,38.51932054199278,4.90919697870746,0.303978522775401,2.3149258315323875,1.922257330617243,1.5691169070623163,2.281834,2.98,3.95,5.86,1.0,1.0,inf,1.0,rollout,2,1,,,,,,100,ConsumptionCar.exe,1757954290.738271,1757954326.53735
fb3b4bc8-f515-411b-b6c0-9dc558d1afb7,2,default_experiment,A3C,97,4.0,1757954290.7508962,2563.7667500413954,38.51932054199278,4.316124385090072,0.2811211062354314,1.4604478454988357,1.0332252252886396,0.8429439530323976,1.619841,7.62,15.24,22.89,1.0,1.0,inf,1.0,rollout,3,1,,,,,,100,ConsumptionCar.exe,1757954290.738271,1757954326.53735
fb3b4bc8-f515-411b-b6c0-9dc558d1afb7,2,default_experiment,A3C,97,5.0,1757954291.38726,630.6983330287039,38.51932054199278,4.982330657385104,0.36905961936717313,1.6994055965779153,1.2311889019501054,0.8716766199427134,1.567817,7.26,13.88,27.69,1.0,1.0,inf,1.0,rollout,2,1,,,,,,100,ConsumptionCar.exe,1757954290.738271,1757954326.53735
fb3b4bc8-f515-411b-b6c0-9dc558d1afb7,2,default_experiment,A3C,97,6.0,1757954291.388024,623.8562919897959,38.51932054199278,5.24005165791703,0.3999946235732439,1.9224491200007705,1.422718578977934,0.9557004551145785,1.609767,5.94,11.03,24.46,0.9999999999999045,1.0,2.094695116674007,0.9999999999995226,rollout,3,1,,,,,,100,ConsumptionCar.exe,1757954290.738271,1757954326.53735
fb3b4bc8-f515-411b-b6c0-9dc558d1afb7,2,default_experiment,A3C,97,7.0,1757954292.022424,627.2745409514755,38.51932054199278,5.368976246667296,0.3999980978746342,1.8352626775239689,1.3353696732459965,0.8564144663785657,1.585186,6.23,11.93,29.01,1.0,1.0,inf,1.0,rollout,2,1,,,,,,100,ConsumptionCar.exe,1757954290.738271,1757954326.53735
fb3b4bc8-f515-411b-b6c0-9dc558d1afb7,2,default_experiment,A3C,97,8.0,1757954292.0252612,625.4702910082415,38.51932054199278,5.177148775835037,0.39998079396154385,1.8076820981076387,1.3082201894180445,0.8555876581701559,1.548022,6.97,13.37,31.26,1.0,1.0,inf,1.0,rollout,3,1,,,,,,100,ConsumptionCar.exe,1757954290.738271,1757954326.53735
fb3b4bc8-f515-411b-b6c0-9dc558d1afb7,2,default_experiment,A3C,97,10.0,1757954292.750911,712.9517500288785,38.51932054199278,4.439566287731877,0.3999987367533527,1.5564271441822017,1.056499359960374,0.7659628848870251,1.370735,12.85,27.88,53.0,1.0,1.0,inf,1.0,rollout,3,1,,,,,,100,ConsumptionCar.exe,1757954290.738271,1757954326.53735
fb3b4bc8-f515-411b-b6c0-9dc558d1afb7,2,default_experiment,A3C,97,9.0,1757954292.751901,722.8464159416035,38.51932054199278,5.177034062891226,0.3999985307244267,1.3889656539586743,0.8890778136716697,0.7888120554802615,1.44549,11.86,28.96,36.77,1.0,1.0,inf,1.0,rollout,2,1,,,,,,100,ConsumptionCar.exe,1757954290.738271,1757954326.53735
fb3b4bc8-f515-411b-b6c0-9dc558d1afb7,2,default_experiment,A3C,97,12.0,1757954293.4944,728.6044999491423,38.51932054199278,5.492181910092227,0.39999999927345636,1.5983472197639554,1.0983484861263215,0.8910642710928949,1.562362,7.96,16.86,25.62,0.9550688269541794,1.0,1.0252282531769672,0.7753441347708971,rollout,2,1,,,,,,100,ConsumptionCar.exe,1757954290.738271,1757954326.53735
fb3b4bc8-f515-411b-b6c0-9dc558d1afb7,2,default_experiment,A3C,97,11.0,1757954293.497408,737.131500034593,38.51932054199278,5.497044721695639,0.39999999996814933,1.2420897743530235,0.7420898341339001,0.6418689000388075,1.419262,13.16,36.85,49.24,1.0,1.0,inf,1.0,rollout,3,1,,,,,,100,ConsumptionCar.exe,1757954290.738271,1757954326.53735
fb3b4bc8-f515-411b-b6c0-9dc558d1afb7,2,default_experiment,A3C,97,,1757954293.5260968,,38.51932054199278,,,,,,,,,,,,,,update,3,1,36416056.436628506,4.129225242971392,-0.7129639177477456,36416060.57298339,26.0864170268178,100,ConsumptionCar.exe,1757954290.738271,1757954326.53735
fb3b4bc8-f515-411b-b6c0-9dc558d1afb7,2,default_experiment,A3C,97,,1757954293.5485609,,38.51932054199278,,,,,,,,,,,,,,update,2,1,157422.07585830372,4.7154626586224095,0.6437784823873732,157426.78488317752,48.24279097374529,100,ConsumptionCar.exe,1757954290.738271,1757954326.53735
fb3b4bc8-f515-411b-b6c0-9dc558d1afb7,2,default_experiment,A3C,97,13.0,1757954294.1911628,651.8450829898939,38.51932054199278,5.476584391990918,0.39999999999862734,1.572770702321175,1.0727707308539396,0.972749332284724,1.577025,8.27,17.77,21.62,0.9764069833254472,1.0,1.098386642075416,0.8820349166272361,rollout,3,2,,,,,,100,ConsumptionCar.exe,1757954290.738271,1757954326.53735
fb3b4bc8-f515-411b-b6c0-9dc558d1afb7,2,default_experiment,A3C,97,14.0,1757954294.2017422,645.9016660228372,38.51932054199278,5.153757784555908,0.39999930617097795,2.0149126575397815,1.5149997553651116,1.0206611065783884,1.63167,5.57,10.06,22.17,0.9999999999998412,1.0,1.2594921445905654,0.999999999999206,rollout,2,2,,,,,,100,ConsumptionCar.exe,1757954290.738271,1757954326.53735
fb3b4bc8-f515-411b-b6c0-9dc558d1afb7,2,default_experiment,A3C,97,15.0,1757954294.824497,626.3316250406206,38.51932054199278,4.7553303939690075,0.3999967592841812,1.6753735900432782,1.1757244798314346,1.068105473341984,1.507994,9.66,19.63,23.78,0.9279545509314062,1.0,0.8057887588142374,0.639772754657031,rollout,3,2,,,,,,100,ConsumptionCar.exe,1757954290.738271,1757954326.53735
fb3b4bc8-f515-411b-b6c0-9dc558d1afb7,2,default_experiment,A3C,97,16.0,1757954294.833864,626.5726670389995,38.51932054199278,5.370617938080441,0.399858223983826,1.5996314406903904,1.1002428653413667,0.965893192347046,1.565014,8.3,17.56,22.78,0.8295050650743309,1.0,0.1854627418112812,0.14752532537165433,rollout,2,2,,,,,,100,ConsumptionCar.exe,1757954290.738271,1757954326.53735
fb3b4bc8-f515-411b-b6c0-9dc558d1afb7,2,default_experiment,A3C,97,17.0,1757954295.46358,627.2678750101477,38.51932054199278,5.480261375055566,0.3999994486421906,1.647778014550274,1.1478546777066234,1.0137688591096654,1.604825,7.51,15.5,19.88,0.8709387585405389,1.0,0.445906376633035,0.3546937927026945,rollout,3,2,,,,,,100,ConsumptionCar.exe,1757954290.738271,1757954326.53735
fb3b4bc8-f515-411b-b6c0-9dc558d1afb7,2,default_experiment,A3C,97,18.0,1757954295.473474,623.7882919376716,38.51932054199278,5.485461345756749,0.39999900446463904,1.6603439819622752,1.1605426439357105,1.0605421737835818,1.620587,7.38,15.14,18.13,0.8599026640752876,1.0,0.37629052852001793,0.299513320376438,rollout,2,2,,,,,,100,ConsumptionCar.exe,1757954290.738271,1757954326.53735
fb3b4bc8-f515-411b-b6c0-9dc558d1afb7,2,default_experiment,A3C,97,19.0,1757954296.09659,626.3434579595923,38.51932054199278,5.309126637075382,0.3999943978831807,1.8119982673612567,1.312306661296152,1.0379164613714802,1.61916,6.57,12.64,20.21,0.8263062006439809,1.0,0.1652476445995137,0.13153100321990413,rollout,3,2,,,,,,100,ConsumptionCar.exe,1757954290.738271,1757954326.53735
fb3b4bc8-f515-411b-b6c0-9dc558d1afb7,2,default_experiment,A3C,97,20.0,1757954296.1065621,626.2044159229845,38.51932054199278,5.4718458271694415,0.3999938160864938,1.846675156366091,1.3473126015449655,1.1022125140136971,1.670496,5.9,11.28,16.87,0.994887916487511,1.0,1.037594021324062,0.9744395824375549,rollout,2,2,,,,,,100,ConsumptionCar.exe,1757954290.738271,1757954326.53735
fb3b4bc8-f515-411b-b6c0-9dc558d1afb7,2,default_experiment,A3C,97,21.0,1757954296.7284322,625.0515420688316,38.51932054199278,5.259487112424286,0.39999148564348447,1.7247978851363248,1.2256643569024648,1.035961977168004,1.591857,7.44,14.76,20.67,0.8192586659255439,1.0,0.10253420008367872,0.09629332962771919,rollout,3,2,,,,,,100,ConsumptionCar.exe,1757954290.738271,1757954326.53735
fb3b4bc8-f515-411b-b6c0-9dc558d1afb7,2,default_experiment,A3C,97,22.0,1757954296.736435,624.0577499847859,38.51932054199278,5.40837936562061,0.39991458155712517,2.1003956835720228,1.6041189280531551,1.1241770198161598,1.725234,4.65,8.14,16.59,0.9999999999998512,1.0,1.344683978566861,0.9999999999992563,rollout,2,2,,,,,,100,ConsumptionCar.exe,1757954290.738271,1757954326.53735
fb3b4bc8-f515-411b-b6c0-9dc558d1afb7,2,default_experiment,A3C,97,,1757954296.7525601,,38.51932054199278,,,,,,,,,,,,,,update,3,2,16339873.007263303,4.697534740065251,-1.3646054120664304,16339877.718444098,21.336916950531304,100,ConsumptionCar.exe,1757954290.738271,1757954326.53735
fb3b4bc8-f515-411b-b6c0-9dc558d1afb7,2,default_experiment,A3C,97,,1757954296.768509,,38.51932054199278,,,,,,,,,,,,,,update,2,2,11005.50672549874,4.857921520870777,0.6483738895262473,11010.358163280716,29.84154096338898,100,ConsumptionCar.exe,1757954290.738271,1757954326.53735
fb3b4bc8-f515-411b-b6c0-9dc558d1afb7,2,default_experiment,A3C,97,23.0,1757954297.3914392,628.1169169815257,38.51932054199278,5.432778182832836,0.39999329167144954,1.6961529267070157,1.1965139339193007,1.0964801377874058,1.629117,7.2,14.52,17.29,0.8140000586573813,1.0,0.09412827287795443,0.07000029328690639,rollout,3,3,,,,,,100,ConsumptionCar.exe,1757954290.738271,1757954326.53735
fb3b4bc8-f515-411b-b6c0-9dc558d1afb7,2,default_experiment,A3C,97,24.0,1757954297.4006531,625.4505420802161,38.51932054199278,4.44405168630136,0.3997809246786369,1.823168850299935,1.3264122586973273,1.1752149239646412,1.507106,9.33,17.64,22.47,0.8716250192572699,1.0,0.4815650792993261,0.35812509628634903,rollout,2,3,,,,,,100,ConsumptionCar.exe,1757954290.738271,1757954326.53735
fb3b4bc8-f515-411b-b6c0-9dc558d1afb7,2,default_experiment,A3C,97,25.0,1757954298.031229,626.3303339947015,38.51932054199278,5.410400036049318,0.39996108472133657,2.041012472282982,1.5427327218262374,1.1655377296570673,1.720972,4.91,8.8,15.42,0.879622301356857,1.0,0.43643089060099705,0.39811150678428503,rollout,3,3,,,,,,100,ConsumptionCar.exe,1757954290.738271,1757954326.53735
fb3b4bc8-f515-411b-b6c0-9dc558d1afb7,2,default_experiment,A3C,97,26.0,1757954298.037451,620.9807919804007,38.51932054199278,5.47498825437887,0.39999886790488387,1.705393727535971,1.2055050765759914,1.103540482447179,1.639709,7.0,14.08,16.81,0.8165291113518279,1.0,0.0906004305978285,0.08264555675913961,rollout,2,3,,,,,,100,ConsumptionCar.exe,1757954290.738271,1757954326.53735
fb3b4bc8-f515-411b-b6c0-9dc558d1afb7,2,default_experiment,A3C,97,27.0,1757954298.700149,656.5659589832649,38.51932054199278,5.269723241528748,0.3999458159138482,1.9773633144096296,1.4806565397231446,1.1169369730905752,1.668716,5.53,10.07,17.7,0.8266228003325793,1.0,0.1459266092720073,0.1331140016628963,rollout,3,3,,,,,,100,ConsumptionCar.exe,1757954290.738271,1757954326.53735
fb3b4bc8-f515-411b-b6c0-9dc558d1afb7,2,default_experiment,A3C,97,28.0,1757954298.7026072,651.1507910909131,38.51932054199278,5.08157416270359,0.3999845371421493,2.18247241501167,1.6842433222867785,1.1897029457661743,1.697212,4.87,8.37,16.79,0.8192782595792745,1.0,0.10566923907048525,0.09639129789637219,rollout,2,3,,,,,,100,ConsumptionCar.exe,1757954290.738271,1757954326.53735
fb3b4bc8-f515-411b-b6c0-9dc558d1afb7,2,default_experiment,A3C,97,29.0,1757954299.489357,776.8544580321759,38.51932054199278,4.1605304975517665,0.39873342978969395,1.9235837907790494,1.4252086938698258,1.0937128354795076,1.457871,9.51,17.34,29.44,0.8751877908243918,1.0,0.38516149983607784,0.37593895412195905,rollout,2,3,,,,,,100,ConsumptionCar.exe,1757954290.738271,1757954326.53735
fb3b4bc8-f515-411b-b6c0-9dc558d1afb7,2,default_experiment,A3C,97,30.0,1757954299.501621,782.293583964929,38.51932054199278,4.560800027691029,0.3998522365582222,1.786844912879079,1.2908151892079658,1.184468865850934,1.52297,9.23,17.69,21.01,0.8332232244727744,1.0,0.1701912880671206,0.166116122363872,rollout,3,3,,,,,,100,ConsumptionCar.exe,1757954290.738271,1757954326.53735
fb3b4bc8-f515-411b-b6c0-9dc558d1afb7,2,default_experiment,A3C,97,31.0,1757954300.147435,648.7275830004364,38.51932054199278,5.3468712521275545,0.39999966073777954,1.976354192571872,1.4763932948165923,0.9869272631877649,1.64862,5.37,9.84,22.03,0.82785786079303,1.0,0.1427063533536782,0.13928930396514996,rollout,2,3,,,,,,100,ConsumptionCar.exe,1757954290.738271,1757954326.53735
fb3b4bc8-f515-411b-b6c0-9dc558d1afb7,2,default_experiment,A3C,97,32.0,1757954300.1516411,641.2226250395179,38.51932054199278,5.407769407997293,0.39999776284378796,1.7174635141631756,1.217708305910128,1.1139445081788888,1.63403,7.08,14.15,16.91,0.8099075997574081,1.0,0.05075326646119387,0.04953799878704051,rollout,3,3,,,,,,100,ConsumptionCar.exe,1757954290.738271,1757954326.53735
fb3b4bc8-f515-411b-b6c0-9dc558d1afb7,2,default_experiment,A3C,97,,1757954300.1721432,,38.51932054199278,,,,,,,,,,,,,,update,3,3,1337.57295416619,4.026814312238495,1.3360185591180884,1341.5864082928372,17.253124970011413,100,ConsumptionCar.exe,1757954290.738271,1757954326.53735
fb3b4bc8-f515-411b-b6c0-9dc558d1afb7,2,default_experiment,A3C,97,,1757954300.1863701,,38.51932054199278,,,,,,,,,,,,,,update,2,3,5725.893012642731,2.9883710457489125,1.0677892379815621,5728.8707057961,32.488540979102254,100,ConsumptionCar.exe,1757954290.738271,1757954326.53735
fb3b4bc8-f515-411b-b6c0-9dc558d1afb7,2,default_experiment,A3C,97,33.0,1757954300.818165,635.5049589183182,38.51932054199278,5.21356571512855,0.39993660023840255,1.9846731571912615,1.4862338148711591,1.2523086675868609,1.692835,5.61,10.21,14.39,0.8573371693912536,1.0,0.2937188327646161,0.28668584695626775,rollout,3,4,,,,,,100,ConsumptionCar.exe,1757954290.738271,1757954326.53735
fb3b4bc8-f515-411b-b6c0-9dc558d1afb7,2,default_experiment,A3C,97,34.0,1757954300.8305101,635.0219999440014,38.51932054199278,5.079751679765466,0.39993038678151416,1.64297840957016,1.1437338527799905,1.0409842937717892,1.547614,8.8,18.17,21.93,0.884886441648176,1.0,0.4348443919215742,0.42443220824088,rollout,2,4,,,,,,100,ConsumptionCar.exe,1757954290.738271,1757954326.53735
fb3b4bc8-f515-411b-b6c0-9dc558d1afb7,2,default_experiment,A3C,97,35.0,1757954301.4585788,631.4716250635684,38.51932054199278,5.082365897302975,0.39995882792927323,1.6517339763473513,1.157159131007912,1.0570976239525023,1.554177,8.7,17.74,21.25,0.8156611865604485,1.0,0.08022693629772237,0.07830593280224234,rollout,3,4,,,,,,100,ConsumptionCar.exe,1757954290.738271,1757954326.53735
fb3b4bc8-f515-411b-b6c0-9dc558d1afb7,2,default_experiment,A3C,97,36.0,1757954301.471704,632.1350830839947,38.51932054199278,5.296621962428457,0.3999968589991628,2.1396757915891813,1.6398800664245907,1.25628335487987,1.745732,4.67,8.13,13.85,0.9836599574781724,1.0,0.9408275453569336,0.9182997873908615,rollout,2,4,,,,,,100,ConsumptionCar.exe,1757954290.738271,1757954326.53735
fb3b4bc8-f515-411b-b6c0-9dc558d1afb7,2,default_experiment,A3C,97,37.0,1757954302.1005461,631.8947089603171,38.51932054199278,5.4323056038878015,0.39999190260677137,2.068230397472325,1.5685090993076576,1.2315664295113844,1.748763,4.75,8.45,13.7,0.9543385326570476,1.0,0.7906238508792995,0.7716926632852378,rollout,3,4,,,,,,100,ConsumptionCar.exe,1757954290.738271,1757954326.53735
fb3b4bc8-f515-411b-b6c0-9dc558d1afb7,2,default_experiment,A3C,97,38.0,1757954302.113808,630.5038339924067,38.51932054199278,4.3705768832683285,0.39925789871939754,1.9526402380984846,1.4561190620846398,1.1855519400556966,1.519551,8.39,15.09,22.77,0.8146078356802517,1.0,0.07483097771958289,0.07303917840125856,rollout,2,4,,,,,,100,ConsumptionCar.exe,1757954290.738271,1757954326.53735
fb3b4bc8-f515-411b-b6c0-9dc558d1afb7,2,default_experiment,A3C,97,39.0,1757954302.759883,648.9991249982268,38.51932054199278,4.436502227536634,0.39968631572649105,2.20970385262616,1.714671790131217,1.2176983120023512,1.583772,6.29,10.58,20.99,0.8145418012746903,1.0,0.0744927059016729,0.07270900637345169,rollout,3,4,,,,,,100,ConsumptionCar.exe,1757954290.738271,1757954326.53735
fb3b4bc8-f515-411b-b6c0-9dc558d1afb7,2,default_experiment,A3C,97,40.0,1757954302.764897,638.6327500222251,38.51932054199278,5.402999915547675,0.39999659515656494,1.7157020955898517,1.216031451866565,1.1109003618719344,1.632126,7.11,14.21,17.03,0.8065757617760656,1.0,0.03368539280731872,0.032878808880327674,rollout,2,4,,,,,,100,ConsumptionCar.exe,1757954290.738271,1757954326.53735
fb3b4bc8-f515-411b-b6c0-9dc558d1afb7,2,default_experiment,A3C,97,41.0,1757954303.410704,634.1829580487683,38.51932054199278,5.418863977838498,0.3999452879248128,2.041543702451542,1.5425425327794748,1.0836013312952688,1.702257,4.9,8.77,17.79,0.4,2.0,0.0,0.0,rollout,3,4,,,,,,100,ConsumptionCar.exe,1757954290.738271,1757954326.53735
fb3b4bc8-f515-411b-b6c0-9dc558d1afb7,2,default_experiment,A3C,97,42.0,1757954303.417016,640.8937079831958,38.51932054199278,4.28060364710006,0.3999877599271122,2.2565238244925743,1.7570053502754064,1.2699890715713742,1.571443,6.51,10.84,20.76,0.812782973995163,1.0,0.06548283148579072,0.06391486997581461,rollout,2,4,,,,,,100,ConsumptionCar.exe,1757954290.738271,1757954326.53735
fb3b4bc8-f515-411b-b6c0-9dc558d1afb7,2,default_experiment,A3C,97,,1757954303.436665,,38.51932054199278,,,,,,,,,,,,,,update,3,4,1374.6438055584695,2.3679087704174395,1.7555751504471702,1376.9941585773824,16.99537504464388,100,ConsumptionCar.exe,1757954290.738271,1757954326.53735
fb3b4bc8-f515-411b-b6c0-9dc558d1afb7,2,default_experiment,A3C,97,,1757954303.452458,,38.51932054199278,,,,,,,,,,,,,,update,2,4,3182.2077495218996,3.5691538608967,1.3767921274088568,3185.7631354615223,32.491000019945204,100,ConsumptionCar.exe,1757954290.738271,1757954326.53735
fb3b4bc8-f515-411b-b6c0-9dc558d1afb7,2,default_experiment,A3C,97,43.0,1757954304.08346,631.9609580095857,38.51932054199278,5.314988318625262,0.39984239603435656,1.9627775017075566,1.4652538246777822,1.2447217389294938,1.705356,5.51,10.1,14.0,0.8112258172404128,1.0,0.05750604663065037,0.056129086202063576,rollout,3,5,,,,,,100,ConsumptionCar.exe,1757954290.738271,1757954326.53735
fb3b4bc8-f515-411b-b6c0-9dc558d1afb7,2,default_experiment,A3C,97,44.0,1757954304.093351,631.1813750071451,38.51932054199278,4.4998455015757814,0.39992135994452405,2.0925941293730923,1.5937776358092792,1.1178233889411675,1.551393,6.87,11.92,24.24,0.8198029281521886,1.0,0.10144367090206677,0.09901464076094284,rollout,2,5,,,,,,100,ConsumptionCar.exe,1757954290.738271,1757954326.53735
fb3b4bc8-f515-411b-b6c0-9dc558d1afb7,2,default_experiment,A3C,97,45.0,1757954304.7332969,633.2327499985695,38.51932054199278,4.197253190868473,0.39990634795638363,2.056887289311886,1.568364954033877,1.1060366804963275,1.487359,8.22,14.15,28.45,0.8449553416532712,1.0,0.2302909372248777,0.22477670826635615,rollout,3,5,,,,,,100,ConsumptionCar.exe,1757954290.738271,1757954326.53735
fb3b4bc8-f515-411b-b6c0-9dc558d1afb7,2,default_experiment,A3C,97,46.0,1757954304.740791,634.3250829959288,38.51932054199278,4.774040435417355,0.3999882184174124,1.8402418507523424,1.3405660049461356,1.1609765199161208,1.56357,7.94,14.98,19.97,0.8206389167475344,1.0,0.1057261563654487,0.10319458373767204,rollout,2,5,,,,,,100,ConsumptionCar.exe,1757954290.738271,1757954326.53735
fb3b4bc8-f515-411b-b6c0-9dc558d1afb7,2,default_experiment,A3C,97,47.0,1757954305.4129431,659.0575829613954,38.51932054199278,5.218342958509841,0.39999825588852145,1.7003745696403776,1.2004992067352294,1.0673094056851062,1.587932,7.79,15.63,19.78,0.8278394665609902,1.0,0.1426121259542143,0.1391973328049505,rollout,3,5,,,,,,100,ConsumptionCar.exe,1757954290.738271,1757954326.53735
fb3b4bc8-f515-411b-b6c0-9dc558d1afb7,2,default_experiment,A3C,97,48.0,1757954305.419025,662.8229579655454,38.51932054199278,5.488510677090312,0.3999897111063768,1.8304435705437228,1.330720302754745,1.23051237139745,1.703043,5.97,11.5,13.45,0.8435695275787904,1.0,0.2231918826899783,0.21784763789395223,rollout,2,5,,,,,,100,ConsumptionCar.exe,1757954290.738271,1757954326.53735
fb3b4bc8-f515-411b-b6c0-9dc558d1afb7,2,default_experiment,A3C,97,50.0,1757954306.0669582,630.5331670446321,38.51932054199278,4.947274893180609,0.3994526928624536,2.302148039531648,1.8103223814382374,1.3288648713370477,1.731907,4.62,7.62,14.15,0.8628326194188396,1.0,0.32187015562822885,0.3141630970941977,rollout,2,5,,,,,,100,ConsumptionCar.exe,1757954290.738271,1757954326.53735
fb3b4bc8-f515-411b-b6c0-9dc558d1afb7,2,default_experiment,A3C,97,49.0,1757954306.0735419,641.7288340162486,38.51932054199278,5.293473656959521,0.3999966657943522,1.8858454608576156,1.3865562697080012,1.2827618526479043,1.693936,6.06,11.38,13.3,0.8386598067705139,1.0,0.19804105155691723,0.19329903385256947,rollout,3,5,,,,,,100,ConsumptionCar.exe,1757954290.738271,1757954326.53735
fb3b4bc8-f515-411b-b6c0-9dc558d1afb7,2,default_experiment,A3C,97,52.0,1757954306.7238169,629.2880829423666,38.51932054199278,4.838112496598196,0.39981981602711614,2.172142065074992,1.685995540043725,1.237479018531559,1.659784,5.43,9.21,17.1,0.8146192495117085,1.0,0.07488944689914721,0.0730962475585423,rollout,2,5,,,,,,100,ConsumptionCar.exe,1757954290.738271,1757954326.53735
fb3b4bc8-f515-411b-b6c0-9dc558d1afb7,2,default_experiment,A3C,97,51.0,1757954306.732051,643.6950410716236,38.51932054199278,5.373565177806951,0.3998303903760013,2.2132350142477337,1.714676110269628,1.428506240317937,1.836641,4.27,7.2,10.4,0.9982493021184453,1.0,1.0155637997628824,0.9912465105922267,rollout,3,5,,,,,,100,ConsumptionCar.exe,1757954290.738271,1757954326.53735
fb3b4bc8-f515-411b-b6c0-9dc558d1afb7,2,default_experiment,A3C,97,,1757954306.750559,,38.51932054199278,,,,,,,,,,,,,,update,3,5,2618.2395176027767,5.231408528535478,1.6908571707611195,2623.454017559605,15.78370900824666,100,ConsumptionCar.exe,1757954290.738271,1757954326.53735
fb3b4bc8-f515-411b-b6c0-9dc558d1afb7,2,default_experiment,A3C,97,,1757954306.765324,,38.51932054199278,,,,,,,,,,,,,,update,2,5,1967.7122947440082,3.9850687020600413,1.8229025749370842,1971.6791344203189,30.42741701938212,100,ConsumptionCar.exe,1757954290.738271,1757954326.53735
fb3b4bc8-f515-411b-b6c0-9dc558d1afb7,2,default_experiment,A3C,97,53.0,1757954307.407873,642.0269160298631,38.51932054199278,5.0350866626773785,0.3988935958786506,1.7906167881269233,1.3254949120389314,1.2200639278457786,1.617924,7.49,13.7,16.17,0.8124126892030558,1.0,0.06358598833704572,0.06206344601527834,rollout,3,6,,,,,,100,ConsumptionCar.exe,1757954290.738271,1757954326.53735
fb3b4bc8-f515-411b-b6c0-9dc558d1afb7,2,default_experiment,A3C,97,54.0,1757954307.4159622,636.7449589306489,38.51932054199278,4.588304357940357,0.39973906912472923,1.8691317689799887,1.3720437746551526,1.2442990648355197,1.555735,8.33,15.46,18.8,0.8142412938466098,1.0,0.07295330847501197,0.07120646923304892,rollout,2,6,,,,,,100,ConsumptionCar.exe,1757954290.738271,1757954326.53735
fb3b4bc8-f515-411b-b6c0-9dc558d1afb7,2,default_experiment,A3C,97,55.0,1757954308.121504,690.247124992311,38.51932054199278,5.098026130054955,0.399978992580051,1.9855102612754867,1.486187624052909,1.3860272139626217,1.706113,5.88,10.68,12.28,0.8224587581475846,1.0,0.11504858538513085,0.11229379073792276,rollout,2,6,,,,,,100,ConsumptionCar.exe,1757954290.738271,1757954326.53735
fb3b4bc8-f515-411b-b6c0-9dc558d1afb7,2,default_experiment,A3C,97,56.0,1757954308.1303282,695.7325829425827,38.51932054199278,5.473742249876164,0.39994561058869643,1.954525278282754,1.456265174717867,1.3262483257031765,1.758316,5.24,9.65,11.64,0.8391729143083062,1.0,0.20066952709352193,0.19586457154153078,rollout,3,6,,,,,,100,ConsumptionCar.exe,1757954290.738271,1757954326.53735
fb3b4bc8-f515-411b-b6c0-9dc558d1afb7,2,default_experiment,A3C,97,58.0,1757954308.795891,639.3472920171916,38.51932054199278,3.998958509870622,0.3997143066435903,2.316546877131837,1.8199855278887518,1.3210876050543285,1.535964,7.11,11.56,21.95,0.8099121966551861,1.0,0.05077681480625518,0.04956098327593002,rollout,2,6,,,,,,100,ConsumptionCar.exe,1757954290.738271,1757954326.53735
fb3b4bc8-f515-411b-b6c0-9dc558d1afb7,2,default_experiment,A3C,97,57.0,1757954308.798811,643.2493750471622,38.51932054199278,5.38561207947482,0.3999674292925602,2.0448552208569195,1.562858216615442,1.4340610447948061,1.801525,4.94,8.65,10.28,0.8439871604932012,1.0,0.22533127417803306,0.21993580246600583,rollout,3,6,,,,,,100,ConsumptionCar.exe,1757954290.738271,1757954326.53735
fb3b4bc8-f515-411b-b6c0-9dc558d1afb7,2,default_experiment,A3C,97,59.0,1757954309.451893,636.6028749616817,38.51932054199278,5.072313896881751,0.3999829127861768,1.811852430686737,1.3121116748674164,1.2053442049906875,1.619632,7.24,13.85,16.41,0.8107295779266905,1.0,0.05496398127329367,0.05364788963345257,rollout,2,6,,,,,,100,ConsumptionCar.exe,1757954290.738271,1757954326.53735
fb3b4bc8-f515-411b-b6c0-9dc558d1afb7,2,default_experiment,A3C,97,60.0,1757954309.461222,643.0335419718176,38.51932054199278,5.437582165047418,0.3994846165068183,2.0668019595508373,1.5957112108200973,1.3133674360151282,1.778254,4.74,8.12,12.0,0.816468355591405,1.0,0.08436178892706152,0.08234177795702483,rollout,3,6,,,,,,100,ConsumptionCar.exe,1757954290.738271,1757954326.53735
fb3b4bc8-f515-411b-b6c0-9dc558d1afb7,2,default_experiment,A3C,97,62.0,1757954310.127439,649.069458944723,38.51932054199278,5.415757584735463,0.3999348729509822,2.226806452458784,1.7276036300069373,1.376888978576674,1.830618,4.16,6.97,11.03,0.8566796022117747,1.0,0.2903503395782344,0.2833980110588735,rollout,2,6,,,,,,100,ConsumptionCar.exe,1757954290.738271,1757954326.53735
fb3b4bc8-f515-411b-b6c0-9dc558d1afb7,2,default_experiment,A3C,97,61.0,1757954310.1384919,658.5492918966338,38.51932054199278,5.411621011584007,0.3979135036584571,2.105530659946309,1.6169762256871347,1.4675583803186176,1.843587,4.58,7.92,9.62,0.9233685051101019,1.0,0.631974924914627,0.6168425255505098,rollout,3,6,,,,,,100,ConsumptionCar.exe,1757954290.738271,1757954326.53735
fb3b4bc8-f515-411b-b6c0-9dc558d1afb7,2,default_experiment,A3C,97,,1757954310.15994,,38.51932054199278,,,,,,,,,,,,,,update,3,6,227.56463181031387,4.120674796611655,3.023103742197222,231.65507556950357,18.137834034860134,100,ConsumptionCar.exe,1757954290.738271,1757954326.53735
fb3b4bc8-f515-411b-b6c0-9dc558d1afb7,2,default_experiment,A3C,97,,1757954310.171235,,38.51932054199278,,,,,,,,,,,,,,update,2,6,1154.9552353035447,4.198259035204553,2.0155036199450977,1159.1333393025498,30.34416597802192,100,ConsumptionCar.exe,1757954290.738271,1757954326.53735
fb3b4bc8-f515-411b-b6c0-9dc558d1afb7,2,default_experiment,A3C,97,63.0,1757954310.818602,635.986709035933,38.51932054199278,5.166218304024673,0.39755319591805977,2.0296902054238646,1.5708082849779057,1.3956143531285277,1.743803,5.39,9.2,11.65,0.8080362005606333,1.0,0.04116672437079922,0.04018100280316641,rollout,3,7,,,,,,100,ConsumptionCar.exe,1757954290.738271,1757954326.53735
fb3b4bc8-f515-411b-b6c0-9dc558d1afb7,2,default_experiment,A3C,97,64.0,1757954310.829032,638.836459023878,38.51932054199278,5.013287813945106,0.39947749466847715,1.9640211170497244,1.4710867267593177,1.2854820551515957,1.660799,6.22,11.25,14.73,0.8113037429072325,1.0,0.057905233338744186,0.0565187145361625,rollout,2,7,,,,,,100,ConsumptionCar.exe,1757954290.738271,1757954326.53735
fb3b4bc8-f515-411b-b6c0-9dc558d1afb7,2,default_experiment,A3C,97,66.0,1757954311.499797,641.3989999564365,38.51932054199278,5.45337825775848,0.39863493604995937,2.0588512488520108,1.5745999163827866,1.1454873437598532,1.733411,4.73,8.26,15.61,0.4,2.0,0.0,0.0,rollout,3,7,,,,,,100,ConsumptionCar.exe,1757954290.738271,1757954326.53735
fb3b4bc8-f515-411b-b6c0-9dc558d1afb7,2,default_experiment,A3C,97,65.0,1757954311.5041358,652.0127919502556,38.51932054199278,4.96056866032164,0.3999119126696357,2.0642236469801487,1.567525340355186,1.3891213009072372,1.695797,5.73,10.14,12.91,0.8107560113911793,1.0,0.05509939092846121,0.05378005695589619,rollout,2,7,,,,,,100,ConsumptionCar.exe,1757954290.738271,1757954326.53735
fb3b4bc8-f515-411b-b6c0-9dc558d1afb7,2,default_experiment,A3C,97,67.0,1757954312.165173,641.3207920268178,38.51932054199278,5.273931561310436,0.39980753216026593,1.9285844966166823,1.4347000327533204,1.2927077947136234,1.703289,5.81,10.7,13.18,0.4,2.0,0.0,0.0,rollout,2,7,,,,,,100,ConsumptionCar.exe,1757954290.738271,1757954326.53735
fb3b4bc8-f515-411b-b6c0-9dc558d1afb7,2,default_experiment,A3C,97,68.0,1757954312.177912,652.810666942969,38.51932054199278,5.403891014858173,0.39977986080843453,2.2024893062598823,1.7095734319188698,1.331074634510039,1.807284,4.26,7.15,11.84,0.8111568675441236,1.0,0.05715284076910303,0.055784337720617826,rollout,3,7,,,,,,100,ConsumptionCar.exe,1757954290.738271,1757954326.53735
fb3b4bc8-f515-411b-b6c0-9dc558d1afb7,2,default_experiment,A3C,97,70.0,1757954312.853346,651.8059170339257,38.51932054199278,3.2597199947928046,0.3996701871012878,2.0757239806074566,1.5772614365408304,1.4552169515851967,1.38237,13.38,23.17,27.22,1.0,1.0,inf,1.0,rollout,2,7,,,,,,100,ConsumptionCar.exe,1757954290.738271,1757954326.53735
fb3b4bc8-f515-411b-b6c0-9dc558d1afb7,2,default_experiment,A3C,97,69.0,1757954312.866134,661.0642919549718,38.51932054199278,5.03501164024155,0.3997227229526682,1.8039729631539219,1.365533921951093,1.1878883277508694,1.613881,7.41,12.96,17.13,0.8106924411877235,1.0,0.0544026902711056,0.05346220593861776,rollout,3,7,,,,,,100,ConsumptionCar.exe,1757954290.738271,1757954326.53735
fb3b4bc8-f515-411b-b6c0-9dc558d1afb7,2,default_experiment,A3C,97,71.0,1757954313.527423,641.0064169904217,38.51932054199278,5.4974767989669955,0.3999998203810461,2.285330693887958,1.7853614541894278,1.2863750406829886,1.834394,3.88,6.29,12.26,0.8428080005237778,1.0,0.21780530308591142,0.21404000261888909,rollout,2,7,,,,,,100,ConsumptionCar.exe,1757954290.738271,1757954326.53735
fb3b4bc8-f515-411b-b6c0-9dc558d1afb7,2,default_experiment,A3C,97,72.0,1757954313.541878,653.6446249810979,38.51932054199278,5.161926124768188,0.3999637742497362,1.8747345707934733,1.375609061500355,1.2561614857090941,1.660628,6.48,12.16,14.59,0.8100356551930873,1.0,0.05106099080198672,0.05017827596543608,rollout,3,7,,,,,,100,ConsumptionCar.exe,1757954290.738271,1757954326.53735
fb3b4bc8-f515-411b-b6c0-9dc558d1afb7,2,default_experiment,A3C,97,,1757954313.5617568,,38.51932054199278,,,,,,,,,,,,,,update,3,7,257.84072727948586,3.01467806051046,2.951651422677305,260.82588882576954,16.589957987889647,100,ConsumptionCar.exe,1757954290.738271,1757954326.53735
fb3b4bc8-f515-411b-b6c0-9dc558d1afb7,2,default_experiment,A3C,97,,1757954313.57859,,38.51932054199278,,,,,,,,,,,,,,update,2,7,45960.690117861595,3.0162118507041944,2.205924356621334,45963.68427046874,32.718875096179545,100,ConsumptionCar.exe,1757954290.738271,1757954326.53735
fb3b4bc8-f515-411b-b6c0-9dc558d1afb7,2,default_experiment,A3C,97,73.0,1757954314.284897,697.2961670253426,38.51932054199278,5.163927021468767,0.3997478390393222,2.3402754107881742,1.843579662871777,1.345042421092578,1.791688,4.14,6.71,12.7,0.8170005136607206,1.0,0.08649789724312594,0.08500256830360271,rollout,3,8,,,,,,100,ConsumptionCar.exe,1757954290.738271,1757954326.53735
fb3b4bc8-f515-411b-b6c0-9dc558d1afb7,2,default_experiment,A3C,97,74.0,1757954314.3003259,701.8278340110555,38.51932054199278,5.463638203906784,0.39979084998406283,2.2985164027847134,1.8130361063073681,1.5703753667909064,1.953161,3.88,6.15,8.32,0.9291080322800237,1.0,0.6568962286840898,0.6455401614001183,rollout,2,8,,,,,,100,ConsumptionCar.exe,1757954290.738271,1757954326.53735
fb3b4bc8-f515-411b-b6c0-9dc558d1afb7,2,default_experiment,A3C,97,75.0,1757954315.0140002,690.5963330063969,38.51932054199278,5.160305150147998,0.3951266750268066,2.460721796266642,1.966928566201061,1.4794676642640927,1.881033,3.73,5.69,10.27,0.8565402394114868,1.0,0.2876743559823264,0.28270119705743396,rollout,3,8,,,,,,100,ConsumptionCar.exe,1757954290.738271,1757954326.53735
fb3b4bc8-f515-411b-b6c0-9dc558d1afb7,2,default_experiment,A3C,97,76.0,1757954315.030755,692.8915419848636,38.51932054199278,5.369713304350989,0.3971266694845729,2.10122890331864,1.6269060724334563,1.2837269605146457,1.769789,4.65,7.92,12.72,0.8067493446748919,1.0,0.03434038134365971,0.03374672337445955,rollout,2,8,,,,,,100,ConsumptionCar.exe,1757954290.738271,1757954326.53735
fb3b4bc8-f515-411b-b6c0-9dc558d1afb7,2,default_experiment,A3C,97,77.0,1757954315.750944,696.7313329223543,38.51932054199278,5.3103606802281105,0.3998308521789929,2.145295947665259,1.6501852090177875,1.3326165464953026,1.772447,4.62,7.98,12.24,0.8046718361872577,1.0,0.023770105687795105,0.02335918093628838,rollout,2,8,,,,,,100,ConsumptionCar.exe,1757954290.738271,1757954326.53735
fb3b4bc8-f515-411b-b6c0-9dc558d1afb7,2,default_experiment,A3C,97,78.0,1757954315.767918,702.1502080606297,38.51932054199278,5.041302055118654,0.35544462279331335,2.138385244166141,1.6577763771499368,1.3273297082071496,1.851575,4.12,6.9,10.82,0.8171713286106909,1.0,0.08736699651182941,0.08585664305345392,rollout,3,8,,,,,,100,ConsumptionCar.exe,1757954290.738271,1757954326.53735
fb3b4bc8-f515-411b-b6c0-9dc558d1afb7,2,default_experiment,A3C,97,79.0,1757954316.441421,650.9040420642123,38.51932054199278,4.934265846790878,0.39966858091809676,1.6485841537176393,1.1755979679789728,1.0500035392510516,1.5306,9.25,18.2,22.82,0.4,2.0,0.0,0.0,rollout,3,8,,,,,,100,ConsumptionCar.exe,1757954290.738271,1757954326.53735
fb3b4bc8-f515-411b-b6c0-9dc558d1afb7,2,default_experiment,A3C,97,80.0,1757954316.45809,662.9843330010772,38.51932054199278,5.482209689948837,0.3998640948455803,1.938526639078242,1.445393232716508,1.335119579353877,1.760081,5.3,9.76,11.44,0.8086100828223266,1.0,0.04380773864151821,0.04305041411163274,rollout,2,8,,,,,,100,ConsumptionCar.exe,1757954290.738271,1757954326.53735
fb3b4bc8-f515-411b-b6c0-9dc558d1afb7,2,default_experiment,A3C,97,81.0,1757954317.123667,640.9847909817472,38.51932054199278,5.420969290150589,0.39999884822796783,2.3562955594977577,1.8564506483451446,1.3870963852000988,1.869393,3.77,5.95,10.85,0.8128130063135297,1.0,0.06519203628793396,0.0640650315676482,rollout,3,8,,,,,,100,ConsumptionCar.exe,1757954290.738271,1757954326.53735
fb3b4bc8-f515-411b-b6c0-9dc558d1afb7,2,default_experiment,A3C,97,82.0,1757954317.141505,656.034083920531,38.51932054199278,5.4352856928902185,0.39938383813385375,1.8456728417577348,1.3579926522251398,1.2357112979885028,1.700975,5.97,11.22,13.56,0.4,2.0,0.0,0.0,rollout,2,8,,,,,,100,ConsumptionCar.exe,1757954290.738271,1757954326.53735
fb3b4bc8-f515-411b-b6c0-9dc558d1afb7,2,default_experiment,A3C,97,,1757954317.1630569,,38.51932054199278,,,,,,,,,,,,,,update,2,8,409.7149170684078,2.8116470976057957,3.4072235041040657,412.4924919309725,18.06850009597838,100,ConsumptionCar.exe,1757954290.738271,1757954326.53735
fb3b4bc8-f515-411b-b6c0-9dc558d1afb7,2,default_experiment,A3C,97,,1757954317.179086,,38.51932054199278,,,,,,,,,,,,,,update,3,8,5331.344172356391,2.795213616480843,2.737593163022189,5334.112010041241,33.747916924767196,100,ConsumptionCar.exe,1757954290.738271,1757954326.53735
fb3b4bc8-f515-411b-b6c0-9dc558d1afb7,2,default_experiment,A3C,97,83.0,1757954317.833406,642.6782499765977,38.51932054199278,5.3575585906311165,0.3998258764220901,2.4302945486304037,1.9375179432296268,1.4394254541154596,1.894147,3.65,5.57,10.3,0.8406281787636766,1.0,0.20671446181037895,0.20314089381838255,rollout,2,9,,,,,,100,ConsumptionCar.exe,1757954290.738271,1757954326.53735
fb3b4bc8-f515-411b-b6c0-9dc558d1afb7,2,default_experiment,A3C,97,84.0,1757954317.851582,648.2376659987494,38.51932054199278,4.629315209555988,0.3989092950949645,2.286387251439462,1.7958265172016024,1.3419003589734,1.665988,5.32,8.82,15.81,0.8137502730408658,1.0,0.06996080990786509,0.06875136520432892,rollout,3,9,,,,,,100,ConsumptionCar.exe,1757954290.738271,1757954326.53735
fb3b4bc8-f515-411b-b6c0-9dc558d1afb7,2,default_experiment,A3C,97,85.0,1757954318.529525,652.9194170143455,38.51932054199278,4.753790906924984,0.3993495110208005,1.9291906947074104,1.4367518894958105,1.2135071891354068,1.590821,7.25,13.11,18.38,0.8166679774026973,1.0,0.08480596677266157,0.08333988701348587,rollout,2,9,,,,,,100,ConsumptionCar.exe,1757954290.738271,1757954326.53735
fb3b4bc8-f515-411b-b6c0-9dc558d1afb7,2,default_experiment,A3C,97,86.0,1757954318.549145,654.5172909973189,38.51932054199278,4.6165079133715965,0.3997384243748284,2.1184805263534736,1.621094679395874,1.2184797232387583,1.601356,6.33,10.94,19.36,0.8128987137578336,1.0,0.06562811215354133,0.06449356878916764,rollout,3,9,,,,,,100,ConsumptionCar.exe,1757954290.738271,1757954326.53735
fb3b4bc8-f515-411b-b6c0-9dc558d1afb7,2,default_experiment,A3C,97,87.0,1757954319.2186382,643.3038340182975,38.51932054199278,5.06476108222623,0.3999603269591603,2.196195088975662,1.6983463325796526,1.268108096480409,1.715478,4.84,8.29,14.87,0.8122694736125052,1.0,0.062426564805144844,0.06134736806252606,rollout,2,9,,,,,,100,ConsumptionCar.exe,1757954290.738271,1757954326.53735
fb3b4bc8-f515-411b-b6c0-9dc558d1afb7,2,default_experiment,A3C,97,88.0,1757954319.238278,659.2414170736447,38.51932054199278,4.694001516524744,0.3999578415257724,2.048011620019262,1.5492351285075487,1.36750168182858,1.634229,6.58,11.6,14.89,0.8160205461456883,1.0,0.08151186381445882,0.08010273072844125,rollout,3,9,,,,,,100,ConsumptionCar.exe,1757954290.738271,1757954326.53735
fb3b4bc8-f515-411b-b6c0-9dc558d1afb7,2,default_experiment,A3C,97,90.0,1757954319.9070022,636.0546669457108,38.51932054199278,5.312111792222085,0.3999718761500438,1.8407462261466343,1.3428706374362664,1.2414028433146558,1.676737,6.34,12.05,14.1,0.8106255951830157,1.0,0.054062580615495945,0.05312797591507841,rollout,3,9,,,,,,100,ConsumptionCar.exe,1757954290.738271,1757954326.53735
fb3b4bc8-f515-411b-b6c0-9dc558d1afb7,2,default_experiment,A3C,97,89.0,1757954319.9281678,661.4589580567554,38.51932054199278,5.2584741301211295,0.39992975724037466,2.2616186664039892,1.7671860844082707,1.273478068279723,1.773129,4.27,7.07,13.67,0.8098542091510774,1.0,0.05013780098489334,0.04927104575538716,rollout,2,9,,,,,,100,ConsumptionCar.exe,1757954290.738271,1757954326.53735
fb3b4bc8-f515-411b-b6c0-9dc558d1afb7,2,default_experiment,A3C,97,91.0,1757954320.593046,635.5036250315607,38.51932054199278,5.211043627437897,0.39990018433267943,2.376130204356165,1.8780789191885425,1.4322954428612609,1.838499,3.97,6.32,11.0,0.8092935230327744,1.0,0.04728505363769468,0.046467615163871295,rollout,3,9,,,,,,100,ConsumptionCar.exe,1757954290.738271,1757954326.53735
fb3b4bc8-f515-411b-b6c0-9dc558d1afb7,2,default_experiment,A3C,97,92.0,1757954320.616555,653.1366250710562,38.51932054199278,5.199079794447722,0.39940637060484724,2.07978373889762,1.5951793368452496,1.2125109965558054,1.704553,5.11,8.89,15.39,0.813532206306153,1.0,0.06885129554919475,0.06766103153076442,rollout,2,9,,,,,,100,ConsumptionCar.exe,1757954290.738271,1757954326.53735
fb3b4bc8-f515-411b-b6c0-9dc558d1afb7,2,default_experiment,A3C,97,,1757954320.635364,,38.51932054199278,,,,,,,,,,,,,,update,2,9,1444.3477052148608,3.3158297116079973,2.915499401711793,1447.6343799324518,15.659291995689273,100,ConsumptionCar.exe,1757954290.738271,1757954326.53735
fb3b4bc8-f515-411b-b6c0-9dc558d1afb7,2,default_experiment,A3C,97,,1757954320.651031,,38.51932054199278,,,,,,,,,,,,,,update,3,9,696.0731796664301,3.8249874869601017,2.7458790959541473,699.8707083624307,32.152957981452346,100,ConsumptionCar.exe,1757954290.738271,1757954326.53735
fb3b4bc8-f515-411b-b6c0-9dc558d1afb7,2,default_experiment,A3C,97,93.0,1757954321.303679,637.8854169743136,38.51932054199278,3.721657581465317,0.39931782052903064,2.201783640457324,1.7049195275266806,1.437251135981207,1.485666,9.1,15.19,21.37,0.8195329407147607,1.0,0.09938277939831558,0.09766470357380339,rollout,2,10,,,,,,100,ConsumptionCar.exe,1757954290.738271,1757954326.53735
fb3b4bc8-f515-411b-b6c0-9dc558d1afb7,2,default_experiment,A3C,97,94.0,1757954321.3275242,646.5727090835571,38.51932054199278,3.9171653219836458,0.39836403602881076,2.409970193288327,1.918314302966468,1.438346846416241,1.559769,6.78,10.77,19.17,0.8121597040897811,1.0,0.0618680620983145,0.060798520448905415,rollout,3,10,,,,,,100,ConsumptionCar.exe,1757954290.738271,1757954326.53735
fb3b4bc8-f515-411b-b6c0-9dc558d1afb7,2,default_experiment,A3C,97,95.0,1757954321.993715,636.3394999643788,38.51932054199278,5.443781318522312,0.39998371487616974,2.2741313007458683,1.774427090518842,1.3132434200310834,1.827813,3.98,6.51,12.0,0.8111988400127951,1.0,0.056979226157564074,0.05599420006397524,rollout,2,10,,,,,,100,ConsumptionCar.exe,1757954290.738271,1757954326.53735
fb3b4bc8-f515-411b-b6c0-9dc558d1afb7,2,default_experiment,A3C,97,96.0,1757954322.017211,646.665875101462,38.51932054199278,4.719622812646705,0.3998948834871843,1.8815793707812936,1.3852074680395485,1.2791738663731558,1.588583,7.77,14.35,16.82,0.8173635964600832,1.0,0.08834524722894255,0.08681798230041539,rollout,3,10,,,,,,100,ConsumptionCar.exe,1757954290.738271,1757954326.53735
fb3b4bc8-f515-411b-b6c0-9dc558d1afb7,2,default_experiment,A3C,97,98.0,1757954322.702763,650.207000086084,38.51932054199278,5.428767785275895,0.3999773490478755,2.210260078516387,1.7126050583759995,1.4505141577448117,1.858726,4.2,7.07,9.89,0.8089215187358713,1.0,0.04539231144827116,0.044607593679356315,rollout,3,10,,,,,,100,ConsumptionCar.exe,1757954290.738271,1757954326.53735
fb3b4bc8-f515-411b-b6c0-9dc558d1afb7,2,default_experiment,A3C,97,97.0,1757954322.728611,660.1198749849573,38.51932054199278,5.076214990082169,0.39922594407443557,1.9982930125556522,1.5155830525858578,1.4125845495164766,1.715726,5.83,10.32,11.88,0.8078167647760631,1.0,0.03977136984606482,0.039083823880315595,rollout,2,10,,,,,,100,ConsumptionCar.exe,1757954290.738271,1757954326.53735
fb3b4bc8-f515-411b-b6c0-9dc558d1afb7,2,default_experiment,A3C,97,100.0,1757954323.415759,650.2552080200985,38.51932054199278,5.4669648364412495,0.3993248194314679,2.252409412874787,1.764007320137457,1.397821668590567,1.861168,4.0,6.51,10.47,0.807892760966133,1.0,0.040158035259282396,0.03946380483066499,rollout,2,10,,,,,,100,ConsumptionCar.exe,1757954290.738271,1757954326.53735
fb3b4bc8-f515-411b-b6c0-9dc558d1afb7,2,default_experiment,A3C,97,99.0,1757954323.441921,672.0915420446545,38.51932054199278,4.9462730617588,0.3973111947150757,2.05871832091965,1.6032587427933864,1.4243102484076051,1.712118,5.72,9.62,12.19,0.8079171910584535,1.0,0.04028233453972447,0.039585955292267175,rollout,3,10,,,,,,100,ConsumptionCar.exe,1757954290.738271,1757954326.53735
fb3b4bc8-f515-411b-b6c0-9dc558d1afb7,2,default_experiment,A3C,97,,1757954323.461601,,38.51932054199278,,,,,,,,,,,,,,update,3,10,674.5313490673487,2.739945492413307,2.866506300014411,677.2426294967619,15.320207923650742,100,ConsumptionCar.exe,1757954290.738271,1757954326.53735
fb3b4bc8-f515-411b-b6c0-9dc558d1afb7,2,default_experiment,A3C,97,,1757954323.467316,,38.51932054199278,,,,,,,,,,,,,,update,2,10,8430.823169963582,2.7726983790026507,2.6743072747136196,8433.569125269838,22.79433305375278,100,ConsumptionCar.exe,1757954290.738271,1757954326.53735
fb3b4bc8-f515-411b-b6c0-9dc558d1afb7,2,default_experiment,A3C,97,3.0,1757954326.483155,38269.586791982874,38.51932054199278,3.79456560170526,0.332131600656207,2.6682591920117886,2.4694041354330687,2.0463712546827075,2.007702,4.08,4.71,6.98,0.893103565336939,1.0,0.47370701781147734,0.4655178266846949,rollout,0,1,,,,,,100,ConsumptionCar.exe,1757954290.738271,1757954326.53735
fb3b4bc8-f515-411b-b6c0-9dc558d1afb7,2,default_experiment,A3C,97,1.0,1757954326.512974,38317.90074997116,38.51932054199278,3.949344814738463,0.24619218466093074,1.472982815528544,1.014725830020109,0.8186646143400447,1.651801,6.82,14.47,22.23,0.26666666666666666,3.0,0.0,0.0,rollout,1,1,,,,,,100,ConsumptionCar.exe,1757954290.738271,1757954326.53735
fb3b4bc8-f515-411b-b6c0-9dc558d1afb7,2,default_experiment,A3C,97,,1757954326.5312068,,38.51932054199278,,,,,,,,,,,,,,update,1,1,-13.71877328656722,0.08500195892585326,5.262128063115041,-13.686392608272518,14.636167092248797,100,ConsumptionCar.exe,1757954290.738271,1757954326.53735
fb3b4bc8-f515-411b-b6c0-9dc558d1afb7,2,default_experiment,A3C,97,,1757954326.53711,,38.51932054199278,,,,,,,,,,,,,,update,0,1,32.23962629666595,0.22447088911641672,5.262128063115041,32.41147590515122,21.584667032584548,100,ConsumptionCar.exe,1757954290.738271,1757954326.53735
