algo,seed,evaluation,timestamp,wall_time_s,t_env_ms,p1_final_drive_ratio,p2_roll_radius,p3_gear3_diff,p4_gear4_diff,p5_gear5,consumption,ela3,ela4,ela5,reward,rank,cd_raw,cd_tilde,phase,loss_critic,loss_actor,alpha,update_time_ms,loss_critic1,loss_critic2
SAC,772,1,1757786137.601131,5.541335624991916,5532.782415975817,3.6668687173345975,0.2962498552263325,2.403234885796216,2.232074104944173,1.828599959505961,1.983916,4.27,4.91,7.47,1.0,1,inf,1.0,interaction,,,,,,
SAC,772,2,1757786143.1746151,5.573406292009167,5564.595957985148,3.566595565459694,0.2901822752618611,1.0347493327815975,0.8826125775901553,0.7531199611821091,1.361172,23.71,32.57,44.72,1.0,1,inf,1.0,interaction,,,,,,
SAC,772,3,1757786148.8360078,5.661293707904406,5650.898208958097,3.2790814985107257,0.3285513817841107,2.295465711460165,1.8858239366160499,1.5494807516433373,1.580168,7.28,10.82,16.03,0.9999999999999385,1,3.9999999999982796,0.99999999999975,interaction,,,,,,
SAC,772,4,1757786154.450489,5.614411042071879,5609.077709028497,3.277691409422479,0.2821400151806726,2.440807684142446,2.0365740015428835,1.8114571320712756,1.852524,4.67,6.8,8.65,0.8374743268529832,1,1.2466370296345186,0.33982872096314326,interaction,,,,,,
SAC,772,5,1757786159.977493,5.526944417040795,5522.148209041916,3.7475845489029886,0.37293478556552756,2.5720895539288318,2.3255780606620458,2.096603897920061,1.793014,5.62,6.99,8.63,0.8062138455070205,1,0.748621589455393,0.2128501854870645,interaction,,,,,,
SAC,772,6,1757786165.785723,5.808145292103291,5642.333040945232,3.0045545557269335,0.33332557874837665,2.453401368122596,2.3286054353002363,2.168161811102568,1.664406,7.83,8.7,10.04,0.9104468616779446,1,1.5235398304221761,0.6362395631220863,interaction,,,,,,
SAC,772,7,1757786171.4421492,5.656310208025388,5610.918125021271,3.0216349723234073,0.39764536549135543,2.75481993907733,2.3569888655116413,2.2404865488387786,1.54289,8.75,11.95,13.23,0.9999999999998836,1,2.1156748161394576,0.9999999999995273,interaction,,,,,,
SAC,772,8,1757786177.1783302,5.736079833004624,5677.702125045471,5.241980352424554,0.39983727904548305,3.056470466197073,2.7405720558889195,2.2417488857345913,2.361752,2.75,3.14,4.36,1.0,1,inf,1.0,interaction,,,,,,
SAC,772,9,1757786182.766114,5.587715458008461,5544.716125004925,3.1883377787515736,0.39147055825440685,2.254780006367462,2.1108770462596436,1.6847990441985887,1.46285,11.37,12.97,20.37,0.9999999999998933,1,2.3068510514363316,0.9999999999995665,interaction,,,,,,
SAC,772,10,1757786188.415248,5.649053541012108,5614.375624922104,5.498621107677642,0.3934919520137401,2.649680580274637,2.449187955466536,2.2476867123870465,2.264606,3.02,3.38,3.88,1.0,1,inf,1.0,interaction,,,,,,
SAC,772,11,1757786193.9863548,5.5710276670288295,5528.273583040573,5.294747533351478,0.2827590750905161,2.5177861832616117,2.1709024177331298,2.0265116167330492,0.853918,2.33,2.71,2.92,1.0,1,inf,1.0,interaction,,,,,,
SAC,772,12,1757786199.593604,5.607181750005111,5567.384125082754,4.670010985928855,0.2103877650911118,2.0368683463270068,1.5864660379833855,1.4626394451066203,2.54454,2.43,3.24,3.67,0.37690643450580713,2,0.0,0.0,interaction,,,,,,
SAC,772,13,1757786205.132812,5.539131375029683,5503.344874945469,4.277073086224385,0.38608701075876156,2.6048068823804513,2.2715365391037254,2.155803088247163,1.977135,4.51,5.95,6.67,0.37690643450580713,2,0.0,0.0,interaction,,,,,,
SAC,772,14,1757786210.818175,5.6852764579234645,5645.677624968812,5.499606089412833,0.38723841996662217,2.9606405649713308,2.7083018617717536,2.2207400086414335,2.34498,2.62,2.88,3.85,0.37690643450580713,2,0.0,0.0,interaction,,,,,,
SAC,772,15,1757786216.4490528,5.630813582916744,5586.7944590281695,5.479335376911636,0.3439499498156888,2.805614230457247,2.3781833463984277,2.0202578530640865,2.346038,2.46,2.93,3.72,0.37690643450580713,2,0.0,0.0,interaction,,,,,,
SAC,772,16,1757786222.602437,6.1532907920191064,6025.263500050642,4.050271591684219,0.35495695489793955,2.173768045345898,2.0172833391506915,1.709066960933581,1.755315,6.14,7.21,10.08,0.37690643450580713,2,0.0,0.0,interaction,100.73693248470533,4.949757248316622,0.9999849807860492,96.44516697153449,89.3236078919406,112.15025707747006
SAC,772,17,1757786228.167561,5.565067125018686,5489.164584083483,3.4970765086004154,0.28840967790539357,2.770737796546106,2.498318824493831,2.165377535856135,2.186642,3.47,4.13,5.44,0.37690643450580713,2,0.0,0.0,interaction,57.61900421710015,1.6637747967608139,0.9999722521377971,43.25337498448789,47.51109469047161,67.72691374372869
SAC,772,18,1757786233.738699,5.571083000046201,5500.455041998066,3.0306757790571583,0.2306211662398368,2.8694965798456407,2.5011184072209494,2.234561437613198,2.318118,2.95,3.6,4.37,0.37690643450580713,2,0.0,0.0,interaction,14.194483973149012,4.42630099474362,0.9999593926399728,40.194834000431,14.07147368783938,14.317494258458646
SAC,772,19,1757786239.3297222,5.590931000071578,5493.4983749408275,3.0212504709738166,0.39811524497132866,1.3909759968986015,1.066418621690402,0.8531580149389765,1.175612,34.4,58.48,91.38,0.37690643450580713,2,0.0,0.0,interaction,93.46821178356353,-1.0240225671283056,0.9999462256008014,60.11058297008276,91.29797655748233,95.63844700964474
SAC,772,20,1757786245.146048,5.816243167035282,5683.424499933608,3.0000000000000386,0.2000996206411429,3.127499555377757,2.749974611885974,2.2499999795564096,2.191471,2.35,2.67,3.45,1.0,1,inf,1.0,interaction,53.79399744673468,4.870296352838785,0.9999333225488944,77.6348749641329,58.98511977620345,48.60287511726592
SAC,772,21,1757786250.89872,5.75243929203134,5602.580958046019,3.062848356338,0.3941077395961872,2.645182275877608,2.1882009620770706,1.7509165937113718,1.470779,9.07,13.26,20.71,0.37690643450580713,2,0.0,0.0,interaction,70.54665112151187,3.4530074663272847,0.9999200635928214,101.12187499180436,72.19652647050454,68.89677577251922
SAC,772,22,1757786256.5557399,5.656929124961607,5563.329042051919,3.1445180861936817,0.2111112368651329,2.7491151796684203,2.3786684213972755,2.1284696399897785,2.308637,2.69,3.21,3.82,0.37690643450580713,2,0.0,0.0,interaction,52.75704892046906,3.2416053461698535,0.9999065391264087,47.997709014452994,57.76757135558545,47.74652648535267
SAC,772,23,1757786262.1408489,5.585044709034264,5505.0656250678,4.87851787442006,0.30040700933333236,1.7167821263113225,1.24469694018122,1.0657205570808603,1.805188,4.82,9.38,12.8,0.37690643450580713,2,0.0,0.0,interaction,80.8545766033823,2.4474573101122865,0.9998926869824133,45.58575002010912,83.87113941338339,77.83801379338122
SAC,772,24,1757786267.7800908,5.639158417005092,5553.400083095767,3.076276816711737,0.3936202069167108,2.7799553933975925,2.581426286674552,2.2028888839023644,1.573916,8.12,9.42,12.93,0.37690643450580713,2,0.0,0.0,interaction,9.833434167377431,0.3733247523461656,0.9998783857183666,50.62395799905062,14.660591359362245,5.006276975392618
SAC,772,25,1757786273.421657,5.641485542058945,5550.1032079337165,4.032938782641214,0.3973289553550557,2.4112500137077744,2.252465255877831,2.1476133269708564,1.807017,6.32,7.32,8.07,0.37690643450580713,2,0.0,0.0,interaction,5.493538084118285,-1.9600716881765967,0.9998637028976012,50.16979202628136,7.533338592784358,3.4537375754522124
SAC,772,26,1757786279.053866,5.632149541983381,5540.525624994189,5.417663585444114,0.39202929037522016,2.31926245841294,2.0150406756503227,1.8899758768910246,2.181013,3.75,4.83,5.5,0.37690643450580713,2,0.0,0.0,interaction,5.782019133472627,-0.7875148538099963,0.9998487573592563,42.451499961316586,8.067656229770868,3.496382037174386
SAC,772,27,1757786284.657281,5.603342166985385,5519.193583982997,3.1267445438108883,0.28111348759407323,1.7504853529671072,1.3764755003384341,1.1076478796673603,1.490025,10.11,16.36,25.26,0.25127095633720475,3,0.0,0.0,interaction,8.233340466625611,-2.172820211426862,0.9998335294588129,50.081957946531475,8.921648925853656,7.545032007397566
SAC,772,28,1757786290.2778502,5.620513333007693,5542.049792013131,5.297016531551245,0.3822013925022779,1.1332225009837318,0.896466441239365,0.6454846432142622,1.429938,15.54,24.84,47.87,0.37690643450580713,2,0.0,0.0,interaction,4.904761492301557,-2.3599077641100936,0.9998180860243503,43.264416977763176,5.293862219870084,4.515660764733029
SAC,772,29,1757786296.0321379,5.754209958016872,5600.625209044665,4.983276943241398,0.3658763440907662,2.7773515732154785,2.3251654041913956,2.1346865956516186,2.322577,2.94,3.82,4.45,0.25127095633720475,3,0.0,0.0,interaction,3.887628024963581,-3.3200942131978604,0.9998024090413268,121.2293750140816,3.9822754007806833,3.792980649146479
SAC,772,30,1757786301.702691,5.670477584004402,5578.918665996753,3.816996813434538,0.3641310055458682,1.2210347459026252,1.0973745157594805,0.9310196298240245,1.337338,23.41,28.97,40.24,0.37690643450580713,2,0.0,0.0,interaction,12.918084343215352,-3.169578030632569,0.9997865742667597,49.22437493223697,12.840362538084802,12.995806148345903
SAC,772,31,1757786307.290221,5.587475124979392,5511.247874936089,4.332857341808098,0.3799068078803702,2.270446391129222,1.815639146819609,1.4234441560423239,1.667004,5.6,8.94,14.55,0.37690643450580713,2,0.0,0.0,interaction,4.898990166875956,-2.925620328452556,0.9997706359709894,40.7453749794513,4.5382768767879025,5.25970345696401
SAC,772,32,1757786312.867997,5.577698833076283,5498.937166063115,4.540678848712629,0.3767067258231271,2.9875552620699266,2.565979591406111,2.233435270447985,2.235428,3.13,3.98,5.17,0.37690643450580713,2,0.0,0.0,interaction,3.803481177475512,-3.5738118546056707,0.9997545414388185,46.16862500552088,3.340136695695991,4.2668256592550335
SAC,772,33,1757786318.491168,5.62307629105635,5534.575666999444,3.6227049607351844,0.39867954606627637,1.4278393640858997,0.9404663607821968,0.8058528993974926,1.24525,22.78,52.45,71.43,0.37690643450580713,2,0.0,0.0,interaction,10.176949062437398,-3.217576968949336,0.999738366228252,51.958249998278916,10.04240190562789,10.311496219246905
SAC,772,34,1757786324.120627,5.629404416074976,5544.246166944504,4.82002708872475,0.20617339450505065,1.181313423565123,1.021239482932966,0.7753298835051642,2.158959,4.91,6.67,11.67,0.25127095633720475,3,0.0,0.0,interaction,3.2678389824164698,-2.6702702102821694,0.999722192776684,40.28950002975762,3.562579868566468,2.9730980962664715
SAC,772,35,1757786329.73531,5.614591083023697,5525.239584036171,5.347449448060602,0.2987415728074598,2.0435092225877787,1.5473239233491118,1.0571212798498064,2.042274,3.07,4.88,10.71,0.37690643450580713,2,0.0,0.0,interaction,4.356671254020895,-2.924066340017786,0.9997059955111618,52.314375061541796,4.569668874034614,4.143673634007177
SAC,772,36,1757786335.388065,5.6526881660101935,5571.796083007939,4.018593811726376,0.26357786316970816,1.3214532701724364,1.1182954989802356,0.9846216710581629,1.647302,9.44,13.19,17.02,0.25127095633720475,3,0.0,0.0,interaction,7.532102131657873,-2.793089534492759,0.9996898031785759,43.14600001089275,8.198907675619584,6.865296587696163
SAC,772,37,1757786340.951076,5.562956999987364,5486.634833039716,5.148711846110249,0.319562164690037,2.461249112214765,2.1683149321036312,1.7402510991087734,2.408995,2.78,3.27,4.77,0.18845321725290357,4,0.0,0.0,interaction,9.3931995994512,-3.170175931015856,0.9996735988553881,40.46062508132309,10.354536375322965,8.431862823579435
SAC,772,38,1757786346.623626,5.67247720900923,5582.311125006527,4.942935891958948,0.2821078209750038,2.692949853989605,2.2021218495830666,2.078291588039018,1.490309,2.33,2.87,3.09,0.37690643450580713,2,0.0,0.0,interaction,7.910346370201775,-2.711732196733277,0.9996574631208425,48.58058295212686,9.500984270990193,6.3197084694133565
SAC,772,39,1757786352.210397,5.586714000091888,5506.9047920405865,3.6889940753099477,0.25774881068431044,2.7632090214866065,2.4009852055940373,1.9725782633103348,2.369028,2.79,3.36,4.7,0.15076257380232286,5,0.0,0.0,interaction,5.245348137661336,-3.6453947642930897,0.9996412484343788,42.57875005714595,5.433131654339325,5.057564620983346
SAC,772,40,1757786357.8324769,5.622006499907002,5540.42762494646,3.405044589619641,0.2489675840313743,1.5039722031069052,1.0390815836051417,0.6883434742069651,1.486678,9.06,18.99,43.23,0.37690643450580713,2,0.0,0.0,interaction,7.210530261594957,-3.8900253392186395,0.9996249597905844,47.97054105438292,7.969137216348648,6.451923306841265
SAC,772,41,1757786363.4145322,5.58200058399234,5504.498915979639,3.221567533441176,0.283580957204087,2.3405078642951485,2.238991696995984,1.9218219382430708,1.877791,5.3,5.82,8.04,0.25127095633720475,3,0.0,0.0,interaction,6.0794906403948215,-3.73903541386602,0.9996086538618076,41.661416995339096,6.7329861692716975,5.425995111517945
SAC,772,42,1757786369.006925,5.592333000036888,5512.332250014879,5.272584045045226,0.2868742769214723,1.5796626854118405,1.113283396375592,0.8621236982827634,1.847097,4.46,9.15,15.27,0.25127095633720475,3,0.0,0.0,interaction,2.797386511901519,-3.864846061298529,0.9995923194671753,45.745625044219196,3.2391447320332163,2.355628291769822
SAC,772,43,1757786374.631746,5.624746625078842,5537.4176249606535,4.037605594151274,0.21322412775194755,1.770211023459388,1.4200448069518443,0.9206858108080226,2.002124,3.49,5.18,12.61,0.25127095633720475,3,0.0,0.0,interaction,3.480564795608171,-4.09439205849279,0.9995759544394782,49.63008302729577,3.810842529395517,3.1502870618208254
SAC,772,44,1757786380.291925,5.660115042002872,5576.5929580666125,4.460073610075281,0.3898965587224719,2.4511752826275215,2.043667175839191,1.9016764463773228,1.870956,4.77,6.98,8.1,0.25127095633720475,3,0.0,0.0,interaction,1.7650764217476467,-4.608188545418647,0.9995594778639278,42.71854099351913,1.6826695641852354,1.8474832793100577
SAC,772,45,1757786385.878779,5.586798041942529,5506.684958003461,4.471550877897643,0.28329817282257186,2.0573827788907626,1.8733499892112835,1.584560042236705,2.19909,3.67,4.31,6.03,0.18845321725290357,4,0.0,0.0,interaction,1.9612967795195155,-4.816631550364805,0.9995429463273947,44.29262492340058,2.0120943033556427,1.9104992556833882
SAC,772,46,1757786391.669983,5.791125374962576,5704.0897499537095,5.221517258772527,0.3972083816325487,1.7802966176405544,1.5835697992025053,1.1097683875838515,1.652312,6.96,8.84,18.02,0.25127095633720475,3,0.0,0.0,interaction,2.3873119679912014,-4.835566715375749,0.9995264214835375,51.09620909206569,2.4714537627380713,2.3031701732443315
SAC,772,47,1757786397.236943,5.566904749954119,5488.039500080049,4.684136960472242,0.37770473664874066,1.552538399867751,1.154395182296061,0.8192807651595726,1.464256,10.34,18.71,37.13,0.37690643450580713,2,0.0,0.0,interaction,1.6544794161282486,-4.79855843364163,0.9995098400416488,40.67895805928856,1.6940505822320118,1.6149082500244853
SAC,772,48,1757786402.8077598,5.570757250068709,5492.773124948144,3.162037656066353,0.30638694595705773,1.6076947823485694,1.2345639834856956,0.9565002970209999,1.380902,13.93,23.62,39.33,0.37690643450580713,2,0.0,0.0,interaction,1.2477641942134499,-4.498890121506683,0.9994932305004156,42.91458404622972,1.400092658446047,1.095435729980853
SAC,772,49,1757786408.3849459,5.5771309999981895,5502.1687500411645,4.024573353130274,0.2656233541966849,2.8264382219817232,2.4942327190815865,2.156461637532239,2.257812,2.57,2.94,3.63,0.25127095633720475,3,0.0,0.0,interaction,1.69540946303665,-4.408234322671113,0.9994765864421833,41.26824997365475,1.6550220717733732,1.7357968542999267
SAC,772,50,1757786413.998497,5.613491000025533,5524.51491705142,3.509660033506835,0.3782186330086158,1.5566674179773956,1.373837465219032,1.0566439060326789,1.339044,18.38,23.59,39.86,0.37690643450580713,2,0.0,0.0,interaction,2.6825296285655247,-4.554948041000998,0.9994598991528443,45.98349996376783,2.7621303537829363,2.602928903348113
SAC,772,51,1757786420.204918,6.206341584096663,6019.275875063613,5.038095558549752,0.30594415843214556,1.9074847460032478,1.7376241486566708,1.4693669715022784,2.161662,3.88,4.58,6.48,0.25127095633720475,3,0.0,0.0,interaction,2.6314164608859985,-4.121379757286411,0.9994432418478182,53.295415942557156,2.748562366856138,2.514270554915859
SAC,772,52,1757786425.896132,5.691157374996692,5593.195833032951,3.2142675552840165,0.38522288225308643,2.1155313809535286,1.7876210628820965,1.3050653129769747,1.386277,12.3,17.24,32.33,0.37690643450580713,2,0.0,0.0,interaction,6.581662600909671,-4.101073365947544,0.9994266020946179,44.41116703674197,6.542694957205757,6.620630244613585
SAC,772,53,1757786431.622721,5.726518124924041,5527.277917019092,3.087357403978799,0.39316566507726614,1.4458028583541964,1.2435787507492129,1.0709661594963638,1.232491,29.74,40.19,54.16,0.37690643450580713,2,0.0,0.0,interaction,1.858736985470017,-4.4173546891852284,0.9994099585056427,118.46074997447431,2.374293021034295,1.3431809499057392
SAC,772,54,1757786437.235423,5.612629625014961,5518.132459023036,5.2443392644161975,0.2210316664715551,2.041302693693755,1.8141143017952452,1.6619158479528247,0.223062,2.27,2.56,2.8,1.0,1,inf,1.0,interaction,2.802478029375563,-4.066147469777103,0.9993933495182413,50.274624954909086,3.150233336109335,2.454722722641791
SAC,772,55,1757786442.835364,5.599886083975434,5518.325124983676,4.014506849325397,0.38130041892891087,2.2746851252957603,1.913813002667091,1.5852378218483238,1.63476,6.63,9.44,13.76,0.18845321725290357,4,0.0,0.0,interaction,1.9672594037398679,-4.268462961026997,0.9993767481143079,41.30012495443225,2.376678292846754,1.5578405146329817
SAC,772,56,1757786448.4213061,5.585868666996248,5496.647666092031,4.747652977129711,0.3929981624505463,2.0442073183255793,1.6909358899060658,1.2678745381474643,1.651342,6.2,9.19,16.34,0.18845321725290357,4,0.0,0.0,interaction,1.5366971073526052,-4.139163004288589,0.9993601720565211,48.30799996852875,1.5374950147185622,1.5358991999866485
SAC,772,57,1757786454.0241978,5.602835458004847,5520.440542022698,5.03977354780494,0.2418281211832365,2.650481479240789,2.2606175830726456,2.0565744650674596,-3.248653,1.99,2.34,2.57,1.0,1,inf,1.0,interaction,1.7019371569493003,-4.3971178046584365,0.9993436085265515,40.05495796445757,1.8384462130073234,1.5654281008912774
SAC,772,58,1757786459.602467,5.578207749989815,5494.006416993216,4.016428934595484,0.2782628005254753,2.0428639408839047,1.5820842533517876,1.408985597617761,1.889524,4.33,7.33,9.27,0.15076257380232286,5,0.0,0.0,interaction,1.7102923333705078,-4.67642159233283,0.9993270006604885,45.148749952204525,1.9646065776434778,1.4559780890975378
SAC,772,59,1757786465.198814,5.596281792037189,5511.684832978062,4.321836387137741,0.3138262293256988,2.70458947724468,2.4279103446434607,1.9448092965726582,2.298445,2.99,3.5,5.22,0.12563547816860238,6,0.0,0.0,interaction,1.546401378680561,-4.728574200078045,0.9993103495032651,45.480874949134886,1.775024618341067,1.3177781390200551
SAC,772,60,1757786470.96501,5.766117666964419,5660.330957965925,3.54167182398931,0.39575341307025663,2.436684909067938,1.9484291007455479,1.6719705289163531,1.53013,8.06,12.61,17.13,0.15076257380232286,5,0.0,0.0,interaction,1.3955961958623475,-4.80644238419283,0.9992936546838996,54.10908302292228,1.663453918696445,1.1277384730282498
SAC,772,61,1757786476.632072,5.666980958892964,5558.627124992199,4.312351217706914,0.26595057362675145,2.239289908088627,1.7497853352895258,1.338290552689504,2.09904,3.1,4.66,8.14,0.15076257380232286,5,0.0,0.0,interaction,2.017945588519903,-5.041671383296219,0.9992769164559414,59.64658292941749,2.162640323772988,1.8732508532668186
SAC,772,62,1757786482.256333,5.624203042010777,5511.873292038217,4.749825301477224,0.3941616675994419,2.070338659820152,1.7932511007852336,1.4125532112356785,1.695587,6.06,8.21,13.23,0.15076257380232286,5,0.0,0.0,interaction,1.2177128538374018,-5.024592778341144,0.9992601842659619,47.95666702557355,1.3520667817886554,1.083358925886148
SAC,772,63,1757786487.863786,5.607380083063617,5516.477999975905,3.6666401541855542,0.25085694961917065,2.6579786225754765,2.23350812030962,1.993772177115356,2.359846,2.84,3.64,4.43,0.10768755271594489,7,0.0,0.0,interaction,1.4042311106813286,-5.2603264607103135,0.9992434872068543,47.255540965124965,1.5359452820038735,1.2725169393587836
SAC,772,64,1757786493.469304,5.605457457946613,5521.915875026025,5.036953772035003,0.3386896955939798,2.8780733524391575,2.438654949822787,2.0057615528424773,2.420149,2.57,3.1,4.24,0.12563547816860238,6,0.0,0.0,interaction,1.0425878239425035,-5.630502308030281,0.9992268257765082,43.58954099006951,1.0170709880407744,1.0681046598442325
SAC,772,65,1757786499.118957,5.649590209010057,5561.174666043371,3.344704443670143,0.29374692000922203,1.9891739263235875,1.879776244333256,1.6637263630325267,1.705192,7.46,8.37,10.68,0.15076257380232286,5,0.0,0.0,interaction,2.1933445542010603,-5.601348524290767,0.9992102261533926,43.891375069506466,2.172458901312889,2.2142302070892317
SAC,772,66,1757786504.8085928,5.689557750010863,5595.87279194966,4.2545596062270805,0.38364403408150805,2.424387547554553,1.9810064266746772,1.8358461216767548,1.786672,5.18,7.94,9.25,0.15076257380232286,5,0.0,0.0,interaction,2.4924703510876274,-5.337931566026925,0.9991936288672305,49.54937507864088,2.6156892044656805,2.369251497709574
SAC,772,67,1757786510.629098,5.820411000051536,5721.174041042104,5.250651301648038,0.3839999069839579,2.575578742017177,2.274852557457852,2.043401193619091,2.285788,3.24,3.94,4.8,0.10768755271594489,7,0.0,0.0,interaction,1.532535201699794,-5.939114069648615,0.9991770050788558,47.8863330790773,1.6143873134953637,1.4506830899042242
SAC,772,68,1757786516.256194,5.627032999997027,5532.796457991935,5.374971102217836,0.38794792118107024,2.143918909824062,1.7656750759729685,1.4160470993236876,1.870737,4.28,6.33,9.96,0.15076257380232286,5,0.0,0.0,interaction,1.244330815904359,-5.200121298097791,0.9991604234875845,49.832875025458634,1.3598589337671296,1.128802698041588
SAC,772,69,1757786522.054689,5.798420208040625,5694.132874952629,5.072591144760278,0.26386901980411415,1.9636651019692868,1.8436384078629464,1.5358908703199274,2.488081,2.94,3.21,4.32,0.10768755271594489,7,0.0,0.0,interaction,2.742656696374458,-5.216462542988522,0.999143925955662,50.89795810636133,2.88668662610218,2.5986267666467358
SAC,772,70,1757786527.6973782,5.642612374969758,5545.38608295843,4.894557843083007,0.2504819007608431,1.350279561495542,1.176781715035643,0.883949603743305,1.915882,5.38,7.23,12.85,0.12563547816860238,6,0.0,0.0,interaction,0.9301346448285426,-5.833684051122721,0.9991273830246074,48.09675004798919,1.0742716495026705,0.7859976401544146
SAC,772,71,1757786533.298923,5.601488083950244,5515.083207981661,4.8670078689208545,0.3301065449493484,1.7766300057450937,1.6365906863892157,1.5247467518097184,1.959958,5.47,6.52,7.58,0.15076257380232286,5,0.0,0.0,interaction,1.1479313304668555,-5.252266861456451,0.9991108203620508,40.210749953985214,1.1950135003507203,1.1008491605829906
SAC,772,72,1757786538.883892,5.584894458996132,5493.202249985188,4.422794052924151,0.307100237255691,2.4972702456284286,2.3292817628781735,1.8384108739338172,2.28996,3.14,3.48,5.35,0.10768755271594489,7,0.0,0.0,interaction,1.476506337330146,-5.537280201157484,0.9990942561395226,49.00391597766429,1.540434846988468,1.4125778276718237
SAC,772,73,1757786544.532615,5.648634791956283,5547.861416940577,3.0132405548639873,0.2274450218572553,2.8279698142315257,2.6142363330793446,2.208778931887988,2.331096,2.97,3.32,4.4,0.10768755271594489,7,0.0,0.0,interaction,0.6866417909533871,-5.6542491889854025,0.9990776931385151,48.682291992008686,0.7161275226839683,0.6571560592228057
SAC,772,74,1757786550.185388,5.652710875030607,5553.822375019081,3.1582630816748787,0.2372254081113605,1.5899685069458123,1.1674808064537217,0.6915949052549822,1.490053,8.55,15.87,45.2,0.18845321725290357,4,0.0,0.0,interaction,1.1220279698969986,-5.37494282343272,0.9990611708514325,44.753875001333654,1.1771718930803043,1.0668840467136929
SAC,772,75,1757786555.910812,5.725341625045985,5622.34191596508,4.563870757974186,0.38862213458536343,1.8167127992343561,1.565410651126413,1.2175939532112756,1.580237,8.42,11.34,18.75,0.12563547816860238,6,0.0,0.0,interaction,0.6789403416171927,-5.378300492543005,0.9990446910344207,56.53299996629357,0.7561096810069188,0.6017710022274667
SAC,772,76,1757786561.528565,5.61768654093612,5527.080500032753,4.546391443309951,0.2305172336125376,1.6841929791355867,1.3196598575886762,0.8225536752613245,1.998484,3.54,5.54,14.57,0.15076257380232286,5,0.0,0.0,interaction,0.38716255461833643,-5.810866255907155,0.9990281964600056,43.550790986046195,0.4041504631610372,0.37017464607563566
SAC,772,77,1757786567.132092,5.603450375027023,5492.6292090676725,3.3941286719480703,0.28904867816385865,1.2460453684446449,1.0829246476350665,0.719807034733987,1.369195,17.91,23.71,53.62,0.18845321725290357,4,0.0,0.0,interaction,0.5539616502534073,-5.855502797207626,0.9990117341406354,63.982457970269024,0.6607298428479594,0.4471934576588551
SAC,772,78,1757786572.789344,5.657188499928452,5553.995458059944,4.03211035051677,0.20073095666630708,1.4228006739483807,1.1687337887539244,0.7237236434731312,1.913376,4.6,6.92,18.14,0.12563547816860238,6,0.0,0.0,interaction,1.3054088933742718,-5.632765667523387,0.9989952884617439,42.76879096869379,1.3545203330554754,1.2562974536930682
SAC,772,79,1757786578.3854668,5.596068416023627,5505.134207895026,5.364417780467203,0.23350359094694378,1.8066028009486423,1.5628957081163046,1.2268250166386478,2.721497,2.65,3.15,4.72,0.10768755271594489,7,0.0,0.0,interaction,0.7623753378263253,-6.028381441325653,0.9989789614852971,43.09950000606477,0.990184191407381,0.5345664842452695
SAC,772,80,1757786583.9844139,5.598848749999888,5499.918750021607,3.023410771146792,0.3665910786504375,2.2058942866771134,1.7844058853925242,1.4917556814678865,1.416626,11.58,17.71,25.33,0.18845321725290357,4,0.0,0.0,interaction,0.6427867779635206,-5.7937014865546645,0.9989626042270351,48.89170790556818,0.7044467867613914,0.5811267691656499
SAC,772,81,1757786589.616781,5.632308708038181,5537.003584089689,3.1202233287589514,0.28342945800863906,2.453293786420592,2.0356918366682297,1.5805782571952174,1.707042,5.13,7.63,12.66,0.15076257380232286,5,0.0,0.0,interaction,0.8224824249683733,-5.814369976985462,0.9989463075662236,44.12487498484552,0.9007625153283382,0.7442023346084086
SAC,772,82,1757786595.244852,5.6280117080314085,5526.372874970548,3.743801523064041,0.27375856293695217,1.7399667667788528,1.4787720056797453,1.218626903137201,1.700888,6.72,9.37,13.8,0.12563547816860238,6,0.0,0.0,interaction,0.777762748426476,-5.762829532803323,0.9989300678678492,47.3369579995051,0.8416429095992815,0.7138825872536706
SAC,772,83,1757786600.955374,5.710441292030737,5604.985374957323,5.4496478786188085,0.32877391793613997,2.3741444959168483,1.9274630581824355,1.4816061743195512,2.285987,2.8,3.77,6.27,0.12563547816860238,6,0.0,0.0,interaction,0.6909686889130306,-5.774405721208295,0.9989138058018298,46.967041096650064,0.7215006081435469,0.6604367696825144
SAC,772,84,1757786606.599282,5.643848875071853,5541.4088340476155,3.9269032390973195,0.3672476252301304,2.693134580921626,2.5669445414502023,2.1190409738848026,1.937578,4.53,4.97,7.45,0.15076257380232286,5,0.0,0.0,interaction,0.9472673988196453,-5.64343913924749,0.9988976660211443,48.51800005417317,1.0395127894083558,0.8550220082309348
SAC,772,85,1757786612.278165,5.6787961249938235,5554.290208034217,4.9125535130233215,0.34995667082850224,1.1454727167813339,1.0083606329736252,0.608400904004919,1.442731,14.83,19.14,52.52,0.15076257380232286,5,0.0,0.0,interaction,1.3177101813723304,-5.761620101932048,0.9988814791154802,52.663916954770684,1.4070435303044524,1.2283768324402082
SAC,772,86,1757786617.962804,5.684551874990575,5566.1725419340655,5.3855990988770674,0.30417558175520387,2.6852580661640313,2.2394619077727036,1.9882115091770887,1.908442,2.31,2.78,3.24,0.25127095633720475,3,0.0,0.0,interaction,0.6802501584013734,-5.548119635520964,0.9988653447007767,60.69166702218354,0.6800632758638263,0.6804370409389204
SAC,772,87,1757786623.649451,5.686585625051521,5584.669000003487,3.0979175181016845,0.3471342978620229,1.3366086440429896,0.961419606511601,0.8443639300763458,1.23401,26.95,52.04,67.45,0.18845321725290357,4,0.0,0.0,interaction,0.5382073225426109,-5.885081340512501,0.9988491621752476,46.507708029821515,0.5908727509142645,0.48554189417095733
SAC,772,88,1757786629.5175521,5.8680227500153705,5762.211540946737,5.374538773869596,0.2403499875983343,2.1836851929073493,2.0293764828356426,1.7248678521096723,0.811762,2.25,2.43,2.87,0.37690643450580713,2,0.0,0.0,interaction,0.9040967456859128,-6.277390399254973,0.9988329639543203,51.56266700942069,0.9570291338162846,0.8511643575555409
SAC,772,89,1757786635.188768,5.671157417003997,5566.988333011977,5.211626364707387,0.39203621376435627,2.9086356566951674,2.4966285573198665,2.158759441403224,2.334847,2.86,3.54,4.56,0.10768755271594489,7,0.0,0.0,interaction,3.523770375019791,-5.904914700231626,0.9988167963701814,43.40812494046986,3.5076032122296295,3.539937537809953
SAC,772,90,1757786640.7886841,5.599860167014413,5497.597416979261,5.110419240785588,0.22592267771255467,1.9697656858661985,1.8396886981128722,1.5183523048572767,2.345686,2.47,2.65,3.36,0.25127095633720475,3,0.0,0.0,interaction,0.7445900280962657,-6.264355168054275,0.9988006053102221,41.00320802535862,0.7504056784786111,0.7387743777139204
SAC,772,91,1757786646.5203369,5.731577582890168,5615.194874932058,3.9513557602856704,0.3127235060253184,1.3741928202053932,0.9021652014878305,0.7038732439837552,1.408791,12.72,29.51,48.44,0.15076257380232286,5,0.0,0.0,interaction,0.4849703345478142,-6.344461420196886,0.9987844074572705,53.45337500330061,0.51706091923028,0.4528797498653484
SAC,772,92,1757786652.1489558,5.628555582952686,5527.33824995812,4.57153779141971,0.34671712714633585,1.7382726339614352,1.6378870804340773,1.4617309886368104,1.757162,7.28,8.22,10.32,0.12563547816860238,6,0.0,0.0,interaction,5.794557728207323,-5.811873377913066,0.9987683321758198,44.37174997292459,5.760248394591756,5.828867061822889
SAC,772,93,1757786657.798507,5.649485707981512,5548.860374954529,3.8875889373138803,0.3534636503100506,2.285774546663151,1.9411396876798854,1.7802205950146752,1.737295,5.96,8.41,10.0,0.15076257380232286,5,0.0,0.0,interaction,0.7376145216026114,-5.282104938911601,0.9987524485083109,46.30608297884464,0.7206003538812717,0.7546286893239511
SAC,772,94,1757786663.410848,5.612272333004512,5506.795292021707,5.405264517708236,0.3639110441927563,2.1098947484085717,1.9238736922031414,1.550075461121447,2.076527,3.89,4.6,7.21,0.15076257380232286,5,0.0,0.0,interaction,0.5390296774816925,-6.263265135062551,0.9987365238326307,47.4064169684425,0.6102696556758227,0.4677896992875623
SAC,772,95,1757786669.008738,5.5978314590174705,5501.71041698195,4.24114195104119,0.28918701314160716,2.148975257762519,2.0344243444838446,1.9132455616804402,2.259925,3.85,4.24,4.76,0.12563547816860238,6,0.0,0.0,interaction,0.4497709791668814,-6.279837560841024,0.9987205780389471,42.20024996902794,0.4966872616577077,0.4028546966760551
SAC,772,96,1757786674.652171,5.643355707987212,5523.551000049338,5.381352747651855,0.3118470848814597,2.6233170221998376,2.25389854980646,1.8716319220640705,2.383425,2.43,2.84,3.7,0.18845321725290357,4,0.0,0.0,interaction,0.2355108285719627,-6.172718614724191,0.9987046238868014,60.85412495303899,0.2340332338202104,0.236988423323715
SAC,772,97,1757786680.3334131,5.681181083898991,5569.841333082877,3.4676896469842395,0.22004114340340147,1.2132569104679813,0.9506346981233949,0.8328944874315167,1.59856,10.49,17.08,22.26,0.10768755271594489,7,0.0,0.0,interaction,1.0614637342518993,-5.9443597039275815,0.9986887700323531,45.2747909585014,1.08664915671486,1.0362783117889387
SAC,772,98,1757786685.9521558,5.6183444580528885,5517.764124902897,4.540406088285879,0.32533240064176533,1.1643644704002147,1.026870078751755,0.8924910322762384,1.520468,14.52,18.67,24.72,0.15076257380232286,5,0.0,0.0,interaction,0.37298966364687336,-5.950537318775076,0.9986729470194242,40.43554200325161,0.40632044203963,0.33965888525411664
SAC,772,99,1757786691.6867368,5.732499124947935,5619.851708994247,3.2350622776461453,0.36125154621752376,2.709215501344672,2.3278067801127214,2.154426751206855,1.673218,6.44,8.82,10.3,0.15076257380232286,5,0.0,0.0,interaction,0.4361033502335832,-6.075650631421406,0.9986571085641686,50.7558339741081,0.4703909126225031,0.4018157878446633
SAC,772,100,1757786697.38343,5.69525683298707,5589.027042035013,3.239901218317674,0.38245746736183983,1.0577375892754435,0.7857549899033435,0.6233666516041887,1.139334,47.72,86.45,137.49,0.18845321725290357,4,0.0,0.0,interaction,0.8766926210169744,-5.9836836143838585,0.998641282236917,43.7928750179708,0.8816213748826094,0.8717638671513395
